Weight(kg),Height(cm),BMI(kg/m2),Overweight
70.1,154.9,29.21562507,2
64.9,157.8,,2
,164.7,24.73633318,1
67.5,169.9,23.38390377,1
68.4,154.9,28.5071149,
77.7,173.8,25.72299152,2